series_id,source_title,release_title,source_link,release_link,release_time,title,latex_equation,tcode,frequency
AAA,Moody's,Moody's Daily Corporate Bond Yield Average,https://www.moodys.com/,,,Moody's Seasoned Aaa Corporate Bond Yield (AAA),$\Delta x_t$,2,Monthly
AAAFFM,Federal Reserve Bank of St. Louis,Interest Rate Spreads,http://www.stlouisfed.org/,,,Moody's Seasoned Aaa Corporate Bond Minus Federal Funds Rate (AAAFFM),No transformation,1,Monthly
ACOGNO,U.S. Census Bureau,"Manufacturer's Shipments, Inventories, and Orders (M3) Survey",http://www.census.gov/,http://www.census.gov/indicator/www/m3/,,Manufacturers' New Orders: Consumer Goods (ACOGNO),$\Delta \log(x_t)$,5,Monthly
AMDMUO,U.S. Census Bureau,"Manufacturer's Shipments, Inventories, and Orders (M3) Survey",http://www.census.gov/,http://www.census.gov/indicator/www/m3/,,Manufacturers' Unfilled Orders: Durable Goods (AMDMUO),$\Delta \log(x_t)$,5,"Monthly,End of Period"
ANDENO,U.S. Census Bureau,"Manufacturer's Shipments, Inventories, and Orders (M3) Survey",http://www.census.gov/,http://www.census.gov/indicator/www/m3/,,Manufacturers' New Orders: Nondefense Capital Goods (ANDENO),$\Delta \log(x_t)$,5,Monthly
AWHMAN,U.S. Bureau of Labor Statistics,Employment Situation,https://www.bls.gov/,http://www.bls.gov/ces/,,"Average Weekly Hours of Production and Nonsupervisory Employees, Manufacturing (AWHMAN)",No transformation,1,Monthly
AWOTMAN,U.S. Bureau of Labor Statistics,Employment Situation,https://www.bls.gov/,http://www.bls.gov/ces/,,"Average Weekly Overtime Hours of Production and Nonsupervisory Employees, Manufacturing (AWOTMAN)",$\Delta x_t$,2,Monthly
BAA,Moody's,Moody's Daily Corporate Bond Yield Averages,https://www.moodys.com/,,,Moody's Seasoned Baa Corporate Bond Yield (BAA),$\Delta x_t$,2,Monthly
BAAFFM,Federal Reserve Bank of St. Louis,Interest Rate Spreads,http://www.stlouisfed.org/,,,Moody's Seasoned Baa Corporate Bond Minus Federal Funds Rate (BAAFFM),No transformation,1,Monthly
BOGMBASE,Board of Governors of the Federal Reserve System (US),H.6 Money Stock Measures,http://www.federalreserve.gov/,http://www.federalreserve.gov/releases/h6/,,Monetary Base; Total (BOGMBASE),$\Delta^2 \log(x_t)$,6,Monthly
BUSINV,U.S. Census Bureau,Manufacturing and Trade Inventories and Sales,http://www.census.gov/,http://www.census.gov/mtis/www/mtis.html,,Total Business Inventories (BUSINV),$\Delta \log(x_t)$,5,"Monthly,End of Period"
BUSLOANS,Board of Governors of the Federal Reserve System (US),H.8 Assets and Liabilities of Commercial Banks in the United States,http://www.federalreserve.gov/,http://www.federalreserve.gov/releases/h8/,,"Commercial and Industrial Loans, All Commercial Banks (BUSLOANS)",$\Delta^2 \log(x_t)$,6,Monthly
CE16OV,U.S. Bureau of Labor Statistics,Employment Situation,https://www.bls.gov/,http://www.bls.gov/ces/,,Employment Level (CE16OV),$\Delta \log(x_t)$,5,Monthly
CES0600000007,U.S. Bureau of Labor Statistics,Employment Situation,https://www.bls.gov/,http://www.bls.gov/ces/,,"Average Weekly Hours of Production and Nonsupervisory Employees, Goods-Producing (CES0600000007)",No transformation,1,Monthly
CES0600000008,U.S. Bureau of Labor Statistics,Employment Situation,https://www.bls.gov/,http://www.bls.gov/ces/,,"Average Hourly Earnings of Production and Nonsupervisory Employees, Goods-Producing (CES0600000008)",$\Delta^2 \log(x_t)$,6,Monthly
CES1021000001,U.S. Bureau of Labor Statistics,Employment Situation,https://www.bls.gov/,http://www.bls.gov/ces/,,"All Employees, Mining, Quarrying, and Oil and Gas Extraction (CES1021000001)",$\Delta \log(x_t)$,5,Monthly
CES2000000008,U.S. Bureau of Labor Statistics,Employment Situation,https://www.bls.gov/,http://www.bls.gov/ces/,,"Average Hourly Earnings of Production and Nonsupervisory Employees, Construction (CES2000000008)",$\Delta^2 \log(x_t)$,6,Monthly
CES3000000008,U.S. Bureau of Labor Statistics,Employment Situation,https://www.bls.gov/,http://www.bls.gov/ces/,,"Average Hourly Earnings of Production and Nonsupervisory Employees, Manufacturing (CES3000000008)",$\Delta^2 \log(x_t)$,6,Monthly
CLF16OV,U.S. Bureau of Labor Statistics,Employment Situation,https://www.bls.gov/,http://www.bls.gov/ces/,,Civilian Labor Force Level (CLF16OV),$\Delta \log(x_t)$,5,Monthly
CMRMTSPL,Federal Reserve Bank of St. Louis,"Supplemental Estimates, Underlying Detail Tables, Spliced Series",http://www.stlouisfed.org/,,,Real Manufacturing and Trade Industries Sales (CMRMTSPL),$\Delta \log(x_t)$,5,Monthly
CPF3M,Board of Governors of the Federal Reserve System (US),H.15 Selected Interest Rates,http://www.federalreserve.gov/,http://www.federalreserve.gov/releases/h15/,,90-Day AA Financial Commercial Paper Interest Rate (CPF3M),$\Delta x_t$,2,Monthly
CPIAPPSL,U.S. Bureau of Labor Statistics,Consumer Price Index,https://www.bls.gov/,http://www.bls.gov/cpi/,,Consumer Price Index for All Urban Consumers: Apparel in U.S. City Average (CPIAPPSL),$\Delta^2 \log(x_t)$,6,Monthly
CPIAUCSL,U.S. Bureau of Labor Statistics,Consumer Price Index,https://www.bls.gov/,http://www.bls.gov/cpi/,,Consumer Price Index for All Urban Consumers: All Items in U.S. City Average (CPIAUCSL),$\Delta^2 \log(x_t)$,6,Monthly
CPIMEDSL,U.S. Bureau of Labor Statistics,Consumer Price Index,https://www.bls.gov/,http://www.bls.gov/cpi/,,Consumer Price Index for All Urban Consumers: Medical Care in U.S. City Average (CPIMEDSL),$\Delta^2 \log(x_t)$,6,Monthly
CPITRNSL,U.S. Bureau of Labor Statistics,Consumer Price Index,https://www.bls.gov/,http://www.bls.gov/cpi/,,Consumer Price Index for All Urban Consumers: Transportation in U.S. City Average (CPITRNSL),$\Delta^2 \log(x_t)$,6,Monthly
CPIULFSL,U.S. Bureau of Labor Statistics,Consumer Price Index,https://www.bls.gov/,http://www.bls.gov/cpi/,,Consumer Price Index for All Urban Consumers: All Items Less Food in U.S. City Average (CPIULFSL),$\Delta^2 \log(x_t)$,6,Monthly
CUMFNS,Board of Governors of the Federal Reserve System (US),G.17 Industrial Production and Capacity Utilization,http://www.federalreserve.gov/,http://www.federalreserve.gov/releases/g17/,,Capacity Utilization: Manufacturing (SIC) (CUMFNS),$\Delta x_t$,2,Monthly
CUSR0000SA0L2,U.S. Bureau of Labor Statistics,Consumer Price Index,https://www.bls.gov/,http://www.bls.gov/cpi/,,Consumer Price Index for All Urban Consumers: All Items Less Shelter in U.S. City Average (CUSR0000SA0L2),$\Delta^2 \log(x_t)$,6,Monthly
CUSR0000SA0L5,U.S. Bureau of Labor Statistics,Consumer Price Index,https://www.bls.gov/,http://www.bls.gov/cpi/,,Consumer Price Index for All Urban Consumers: All Items Less Medical Care in U.S. City Average (CUSR0000SA0L5),$\Delta^2 \log(x_t)$,6,Monthly
CUSR0000SAC,U.S. Bureau of Labor Statistics,Consumer Price Index,https://www.bls.gov/,http://www.bls.gov/cpi/,,Consumer Price Index for All Urban Consumers: Commodities in U.S. City Average (CUSR0000SAC),$\Delta^2 \log(x_t)$,6,Monthly
CUSR0000SAD,U.S. Bureau of Labor Statistics,Consumer Price Index,https://www.bls.gov/,http://www.bls.gov/cpi/,,Consumer Price Index for All Urban Consumers: Durables in U.S. City Average (CUSR0000SAD),$\Delta^2 \log(x_t)$,6,Monthly
CUSR0000SAS,U.S. Bureau of Labor Statistics,Consumer Price Index,https://www.bls.gov/,http://www.bls.gov/cpi/,,Consumer Price Index for All Urban Consumers: Services in U.S. City Average (CUSR0000SAS),$\Delta^2 \log(x_t)$,6,Monthly
DDURRG3M086SBEA,U.S. Bureau of Economic Analysis,Personal Income and Outlays,http://www.bea.gov/,https://www.bea.gov/data/income-saving/personal-income,,Personal consumption expenditures: Durable goods (chain-type price index) (DDURRG3M086SBEA),$\Delta^2 \log(x_t)$,6,Monthly
DGORDER,U.S. Census Bureau,"Manufacturer's Shipments, Inventories, and Orders (M3) Survey",http://www.census.gov/,http://www.census.gov/indicator/www/m3/,,Manufacturers' New Orders: Durable Goods (DGORDER),$\Delta \log(x_t)$,5,Monthly
DMANEMP,U.S. Bureau of Labor Statistics,Employment Situation,https://www.bls.gov/,http://www.bls.gov/ces/,,"All Employees, Durable Goods (DMANEMP)",$\Delta \log(x_t)$,5,Monthly
DNDGRG3M086SBEA,U.S. Bureau of Economic Analysis,Personal Income and Outlays,http://www.bea.gov/,https://www.bea.gov/data/income-saving/personal-income,,Personal consumption expenditures: Nondurable goods (chain-type price index) (DNDGRG3M086SBEA),$\Delta^2 \log(x_t)$,6,Monthly
DPCERA3M086SBEA,U.S. Bureau of Economic Analysis,Personal Income and Outlays,http://www.bea.gov/,https://www.bea.gov/data/income-saving/personal-income,,Real personal consumption expenditures (chain-type quantity index) (DPCERA3M086SBEA),$\Delta \log(x_t)$,5,Monthly
DSERRG3M086SBEA,U.S. Bureau of Economic Analysis,Personal Income and Outlays,http://www.bea.gov/,https://www.bea.gov/data/income-saving/personal-income,,Personal consumption expenditures: Services (chain-type price index) (DSERRG3M086SBEA),$\Delta^2 \log(x_t)$,6,Monthly
DTCOLNVHFNM,Board of Governors of the Federal Reserve System (US),G.20 Finance Companies,http://www.federalreserve.gov/,http://www.federalreserve.gov/releases/g20/,,"Consumer Motor Vehicle Loans Owned by Finance Companies, Level (DTCOLNVHFNM)",$\Delta^2 \log(x_t)$,6,Monthly
DTCTHFNM,Board of Governors of the Federal Reserve System (US),G.20 Finance Companies,http://www.federalreserve.gov/,http://www.federalreserve.gov/releases/g20/,,"Total Consumer Loans and Leases Owned and Securitized by Finance Companies, Level (DTCTHFNM)",$\Delta^2 \log(x_t)$,6,Monthly
EXCAUS,Board of Governors of the Federal Reserve System (US),G.5 Foreign Exchange Rates,http://www.federalreserve.gov/,http://www.federalreserve.gov/releases/g5/,,Canadian Dollars to U.S. Dollar Spot Exchange Rate (EXCAUS),$\Delta \log(x_t)$,5,Monthly
EXJPUS,Board of Governors of the Federal Reserve System (US),G.5 Foreign Exchange Rates,http://www.federalreserve.gov/,http://www.federalreserve.gov/releases/g5/,,Japanese Yen to U.S. Dollar Spot Exchange Rate (EXJPUS),$\Delta \log(x_t)$,5,Monthly
EXSZUS,Board of Governors of the Federal Reserve System (US),G.5 Foreign Exchange Rates,http://www.federalreserve.gov/,http://www.federalreserve.gov/releases/g5/,,Swiss Francs to U.S. Dollar Spot Exchange Rate (EXSZUS),$\Delta \log(x_t)$,5,Monthly
EXUSUK,Board of Governors of the Federal Reserve System (US),G.5 Foreign Exchange Rates,http://www.federalreserve.gov/,http://www.federalreserve.gov/releases/g5/,,U.S. Dollars to U.K. Pound Sterling Spot Exchange Rate (EXUSUK),$\Delta \log(x_t)$,5,Monthly
FEDFUNDS,Board of Governors of the Federal Reserve System (US),H.15 Selected Interest Rates,http://www.federalreserve.gov/,http://www.federalreserve.gov/releases/h15/,,Federal Funds Effective Rate (FEDFUNDS),$\Delta x_t$,2,Monthly
GS1,Board of Governors of the Federal Reserve System (US),H.15 Selected Interest Rates,http://www.federalreserve.gov/,http://www.federalreserve.gov/releases/h15/,,"Market Yield on U.S. Treasury Securities at 1-Year Constant Maturity, Quoted on an Investment Basis (GS1)",$\Delta x_t$,2,Monthly
GS10,Board of Governors of the Federal Reserve System (US),H.15 Selected Interest Rates,http://www.federalreserve.gov/,http://www.federalreserve.gov/releases/h15/,,"Market Yield on U.S. Treasury Securities at 10-Year Constant Maturity, Quoted on an Investment Basis (GS10)",$\Delta x_t$,2,Monthly
GS5,Board of Governors of the Federal Reserve System (US),H.15 Selected Interest Rates,http://www.federalreserve.gov/,http://www.federalreserve.gov/releases/h15/,,"Market Yield on U.S. Treasury Securities at 5-Year Constant Maturity, Quoted on an Investment Basis (GS5)",$\Delta x_t$,2,Monthly
HOUST,U.S. Census Bureau,New Residential Construction,http://www.census.gov/,http://www.census.gov/construction/nrc/,,New Privately-Owned Housing Units Started: Total Units (HOUST),$\log(x_t)$,4,Monthly
HOUSTMW,U.S. Census Bureau,New Residential Construction,http://www.census.gov/,http://www.census.gov/construction/nrc/,,New Privately-Owned Housing Units Started: Total Units in the Midwest Census Region (HOUSTMW),$\log(x_t)$,4,Monthly
HOUSTNE,U.S. Census Bureau,New Residential Construction,http://www.census.gov/,http://www.census.gov/construction/nrc/,,New Privately-Owned Housing Units Started: Total Units in the Northeast Census Region (HOUSTNE),$\log(x_t)$,4,Monthly
HOUSTS,U.S. Census Bureau,New Residential Construction,http://www.census.gov/,http://www.census.gov/construction/nrc/,,New Privately-Owned Housing Units Started: Total Units in the South Census Region (HOUSTS),$\log(x_t)$,4,Monthly
HOUSTW,U.S. Census Bureau,New Residential Construction,http://www.census.gov/,http://www.census.gov/construction/nrc/,,New Privately-Owned Housing Units Started: Total Units in the West Census Region (HOUSTW),$\log(x_t)$,4,Monthly
INDPRO,Board of Governors of the Federal Reserve System (US),G.17 Industrial Production and Capacity Utilization,http://www.federalreserve.gov/,http://www.federalreserve.gov/releases/g17/,,Industrial Production: Total Index (INDPRO),$\Delta \log(x_t)$,5,Monthly
INVEST,Board of Governors of the Federal Reserve System (US),H.8 Assets and Liabilities of Commercial Banks in the United States,http://www.federalreserve.gov/,http://www.federalreserve.gov/releases/h8/,,"Securities in Bank Credit, All Commercial Banks (INVEST)",$\Delta^2 \log(x_t)$,6,Monthly
IPB51222S,Board of Governors of the Federal Reserve System (US),G.17 Industrial Production and Capacity Utilization,http://www.federalreserve.gov/,http://www.federalreserve.gov/releases/g17/,,Industrial Production: Non-Durable Consumer Energy Products: Residential Utilities (IPB51222S),$\Delta \log(x_t)$,5,Monthly
IPBUSEQ,Board of Governors of the Federal Reserve System (US),G.17 Industrial Production and Capacity Utilization,http://www.federalreserve.gov/,http://www.federalreserve.gov/releases/g17/,,Industrial Production: Equipment: Business Equipment (IPBUSEQ),$\Delta \log(x_t)$,5,Monthly
IPCONGD,Board of Governors of the Federal Reserve System (US),G.17 Industrial Production and Capacity Utilization,http://www.federalreserve.gov/,http://www.federalreserve.gov/releases/g17/,,Industrial Production: Consumer Goods (IPCONGD),$\Delta \log(x_t)$,5,Monthly
IPDCONGD,Board of Governors of the Federal Reserve System (US),G.17 Industrial Production and Capacity Utilization,http://www.federalreserve.gov/,http://www.federalreserve.gov/releases/g17/,,Industrial Production: Durable Consumer Goods (IPDCONGD),$\Delta \log(x_t)$,5,Monthly
IPDMAT,Board of Governors of the Federal Reserve System (US),G.17 Industrial Production and Capacity Utilization,http://www.federalreserve.gov/,http://www.federalreserve.gov/releases/g17/,,Industrial Production: Durable Goods Materials (IPDMAT),$\Delta \log(x_t)$,5,Monthly
IPFINAL,Board of Governors of the Federal Reserve System (US),G.17 Industrial Production and Capacity Utilization,http://www.federalreserve.gov/,http://www.federalreserve.gov/releases/g17/,,Industrial Production: Final Products (IPFINAL),$\Delta \log(x_t)$,5,Monthly
IPFPNSS,Board of Governors of the Federal Reserve System (US),G.17 Industrial Production and Capacity Utilization,http://www.federalreserve.gov/,http://www.federalreserve.gov/releases/g17/,,Industrial Production: Final Products and Nonindustrial Supplies (IPFPNSS),$\Delta \log(x_t)$,5,Monthly
IPFUELS,Board of Governors of the Federal Reserve System (US),G.17 Industrial Production and Capacity Utilization,http://www.federalreserve.gov/,http://www.federalreserve.gov/releases/g17/,,Industrial Production: Non-Durable Consumer Energy Products: Fuels (IPFUELS),$\Delta \log(x_t)$,5,Monthly
IPMANSICS,Board of Governors of the Federal Reserve System (US),G.17 Industrial Production and Capacity Utilization,http://www.federalreserve.gov/,http://www.federalreserve.gov/releases/g17/,,Industrial Production: Manufacturing (SIC) (IPMANSICS),$\Delta \log(x_t)$,5,Monthly
IPMAT,Board of Governors of the Federal Reserve System (US),G.17 Industrial Production and Capacity Utilization,http://www.federalreserve.gov/,http://www.federalreserve.gov/releases/g17/,,Industrial Production: Materials (IPMAT),$\Delta \log(x_t)$,5,Monthly
IPNCONGD,Board of Governors of the Federal Reserve System (US),G.17 Industrial Production and Capacity Utilization,http://www.federalreserve.gov/,http://www.federalreserve.gov/releases/g17/,,Industrial Production: Non-Durable Consumer Goods (IPNCONGD),$\Delta \log(x_t)$,5,Monthly
IPNMAT,Board of Governors of the Federal Reserve System (US),G.17 Industrial Production and Capacity Utilization,http://www.federalreserve.gov/,http://www.federalreserve.gov/releases/g17/,,Industrial Production: Non-Durable Goods Materials (IPNMAT),$\Delta \log(x_t)$,5,Monthly
ISRATIO,U.S. Census Bureau,Manufacturing and Trade Inventories and Sales,http://www.census.gov/,http://www.census.gov/mtis/www/mtis.html,,Total Business: Inventories to Sales Ratio (ISRATIO),$\Delta x_t$,2,"Monthly,End of Period"
JTSJOL,U.S. Bureau of Labor Statistics,Job Openings and Labor Turnover Survey,https://www.bls.gov/,http://www.bls.gov/jlt/,,Job Openings: Total Nonfarm (JTSJOL),$\Delta x_t$,2,Monthly
M1SL,Board of Governors of the Federal Reserve System (US),H.6 Money Stock Measures,http://www.federalreserve.gov/,http://www.federalreserve.gov/releases/h6/,,M1 (M1SL),$\Delta^2 \log(x_t)$,6,Monthly
M2REAL,Federal Reserve Bank of St. Louis,Real Money Stock Measures,http://www.stlouisfed.org/,,,Real M2 Money Stock (M2REAL),$\Delta \log(x_t)$,5,Monthly
M2SL,Board of Governors of the Federal Reserve System (US),H.6 Money Stock Measures,http://www.federalreserve.gov/,http://www.federalreserve.gov/releases/h6/,,M2 (M2SL),$\Delta^2 \log(x_t)$,6,Monthly
MANEMP,U.S. Bureau of Labor Statistics,Employment Situation,https://www.bls.gov/,http://www.bls.gov/ces/,,"All Employees, Manufacturing (MANEMP)",$\Delta \log(x_t)$,5,Monthly
MCOILWTICO,U.S. Energy Information Administration,Spot Prices,http://www.eia.gov/,http://www.eia.doe.gov/dnav/pet/pet_pri_spt_s1_d.htm,Continuous,"Crude Oil Prices: West Texas Intermediate (WTI) - Cushing, Oklahoma (MCOILWTICO)",$\Delta^2 \log(x_t)$,6,Monthly
NDMANEMP,U.S. Bureau of Labor Statistics,Employment Situation,https://www.bls.gov/,http://www.bls.gov/ces/,,"All Employees, Nondurable Goods (NDMANEMP)",$\Delta \log(x_t)$,5,Monthly
NONBORRES,Board of Governors of the Federal Reserve System (US),H.6 Money Stock Measures,http://www.federalreserve.gov/,http://www.federalreserve.gov/releases/h6/,,"Reserves of Depository Institutions, Nonborrowed (NONBORRES)",$\Delta (x_t/x_{tâˆ’1} - 1.0)$,7,Monthly
NONREVSL,Board of Governors of the Federal Reserve System (US),G.19 Consumer Credit,http://www.federalreserve.gov/,http://www.federalreserve.gov/releases/g19/,,Nonrevolving Consumer Credit Owned and Securitized (NONREVSL),$\Delta^2 \log(x_t)$,6,Monthly
PAYEMS,U.S. Bureau of Labor Statistics,Employment Situation,https://www.bls.gov/,http://www.bls.gov/ces/,,"All Employees, Total Nonfarm (PAYEMS)",$\Delta \log(x_t)$,5,Monthly
PCEPI,U.S. Bureau of Economic Analysis,Personal Income and Outlays,http://www.bea.gov/,https://www.bea.gov/data/income-saving/personal-income,,Personal Consumption Expenditures: Chain-type Price Index (PCEPI),$\Delta^2 \log(x_t)$,6,Monthly
PERMIT,U.S. Census Bureau,New Residential Construction,http://www.census.gov/,http://www.census.gov/construction/nrc/,,New Privately-Owned Housing Units Authorized in Permit-Issuing Places: Total Units (PERMIT),$\log(x_t)$,4,Monthly
PERMITMW,U.S. Census Bureau,New Residential Construction,http://www.census.gov/,http://www.census.gov/construction/nrc/,,New Privately-Owned Housing Units Authorized in Permit-Issuing Places: Total Units in the Midwest Census Region (PERMITMW),$\log(x_t)$,4,Monthly
PERMITNE,U.S. Census Bureau,New Residential Construction,http://www.census.gov/,http://www.census.gov/construction/nrc/,,New Privately-Owned Housing Units Authorized in Permit-Issuing Places: Total Units in the Northeast Census Region (PERMITNE),$\log(x_t)$,4,Monthly
PERMITS,U.S. Census Bureau,New Residential Construction,http://www.census.gov/,http://www.census.gov/construction/nrc/,,New Privately-Owned Housing Units Authorized in Permit-Issuing Places: Total Units in the South Census Region (PERMITS),$\log(x_t)$,4,Monthly
PERMITW,U.S. Census Bureau,New Residential Construction,http://www.census.gov/,http://www.census.gov/construction/nrc/,,New Privately-Owned Housing Units Authorized in Permit-Issuing Places: Total Units in the West Census Region (PERMITW),$\log(x_t)$,4,Monthly
PI,U.S. Bureau of Economic Analysis,Personal Income and Outlays,http://www.bea.gov/,https://www.bea.gov/data/income-saving/personal-income,,Personal Income (PI),,,Monthly
PPICMM,U.S. Bureau of Labor Statistics,Producer Price Index,https://www.bls.gov/,http://www.bls.gov/ppi/,,Producer Price Index by Commodity: Metals and Metal Products: Primary Nonferrous Metals (PPICMM),$\Delta^2 \log(x_t)$,6,Monthly
REALLN,Board of Governors of the Federal Reserve System (US),H.8 Assets and Liabilities of Commercial Banks in the United States,http://www.federalreserve.gov/,http://www.federalreserve.gov/releases/h8/,,"Real Estate Loans, All Commercial Banks (REALLN)",$\Delta^2 \log(x_t)$,6,Monthly
RPI,U.S. Bureau of Economic Analysis,Personal Income and Outlays,http://www.bea.gov/,https://www.bea.gov/data/income-saving/personal-income,8:30:00 AM ET,Real Personal Income (RPI),$\Delta \log(x_t)$,5,Monthly
RSAFS,U.S. Census Bureau,Advance Monthly Sales for Retail and Food Services,http://www.census.gov/,http://www.census.gov/retail/,,Advance Retail Sales: Retail Trade and Food Services (RSAFS),$\Delta \log(x_t)$,5,Monthly
SRVPRD,U.S. Bureau of Labor Statistics,Employment Situation,https://www.bls.gov/,http://www.bls.gov/ces/,,"All Employees, Service-Providing (SRVPRD)",$\Delta \log(x_t)$,5,Monthly
T10YFFM,Federal Reserve Bank of St. Louis,Interest Rate Spreads,http://www.stlouisfed.org/,,,10-Year Treasury Constant Maturity Minus Federal Funds Rate (T10YFFM),No transformation,1,Monthly
T1YFFM,Federal Reserve Bank of St. Louis,Interest Rate Spreads,http://www.stlouisfed.org/,,,1-Year Treasury Constant Maturity Minus Federal Funds Rate (T1YFFM),No transformation,1,Monthly
T5YFFM,Federal Reserve Bank of St. Louis,Interest Rate Spreads,http://www.stlouisfed.org/,,,5-Year Treasury Constant Maturity Minus Federal Funds Rate (T5YFFM),No transformation,1,Monthly
TB3MS,Board of Governors of the Federal Reserve System (US),H.15 Selected Interest Rates,http://www.federalreserve.gov/,http://www.federalreserve.gov/releases/h15/,,"3-Month Treasury Bill Secondary Market Rate, Discount Basis (TB3MS)",$\Delta x_t$,2,Monthly
TB3SMFFM,Federal Reserve Bank of St. Louis,Interest Rate Spreads,http://www.stlouisfed.org/,,,3-Month Treasury Bill Minus Federal Funds Rate (TB3SMFFM),No transformation,1,Monthly
TB6MS,Board of Governors of the Federal Reserve System (US),H.15 Selected Interest Rates,http://www.federalreserve.gov/,http://www.federalreserve.gov/releases/h15/,,"6-Month Treasury Bill Secondary Market Rate, Discount Basis (TB6MS)",$\Delta x_t$,2,Monthly
TB6SMFFM,Federal Reserve Bank of St. Louis,Interest Rate Spreads,http://www.stlouisfed.org/,,,6-Month Treasury Bill Minus Federal Funds Rate (TB6SMFFM),No transformation,1,Monthly
TOTRESNS,Board of Governors of the Federal Reserve System (US),H.6 Money Stock Measures,http://www.federalreserve.gov/,http://www.federalreserve.gov/releases/h6/,,Reserves of Depository Institutions: Total (TOTRESNS),$\Delta^2 \log(x_t)$,6,Monthly
TWEXAFEGSMTH,Board of Governors of the Federal Reserve System (US),G.5 Foreign Exchange Rates,http://www.federalreserve.gov/,http://www.federalreserve.gov/releases/g5/,,Nominal Advanced Foreign Economies U.S. Dollar Index (TWEXAFEGSMTH),$\Delta \log(x_t)$,5,Monthly
UEMP15OV,U.S. Bureau of Labor Statistics,Employment Situation,https://www.bls.gov/,http://www.bls.gov/ces/,,Number Unemployed for 15 Weeks & over (UEMP15OV),$\Delta \log(x_t)$,5,Monthly
UEMP15T26,U.S. Bureau of Labor Statistics,Employment Situation,https://www.bls.gov/,http://www.bls.gov/ces/,,Number Unemployed for 15-26 Weeks (UEMP15T26),$\Delta \log(x_t)$,5,Monthly
UEMP27OV,U.S. Bureau of Labor Statistics,Employment Situation,https://www.bls.gov/,http://www.bls.gov/ces/,,Number Unemployed for 27 Weeks & over (UEMP27OV),$\Delta \log(x_t)$,5,Monthly
UEMP5TO14,U.S. Bureau of Labor Statistics,Employment Situation,https://www.bls.gov/,http://www.bls.gov/ces/,,Number Unemployed for 5-14 Weeks (UEMP5TO14),$\Delta \log(x_t)$,5,Monthly
UEMPLT5,U.S. Bureau of Labor Statistics,Employment Situation,https://www.bls.gov/,http://www.bls.gov/ces/,,Number Unemployed for Less Than 5 Weeks (UEMPLT5),$\Delta \log(x_t)$,5,Monthly
UEMPMEAN,U.S. Bureau of Labor Statistics,Employment Situation,https://www.bls.gov/,http://www.bls.gov/ces/,,Average Weeks Unemployed (UEMPMEAN),$\Delta x_t$,2,Monthly
UMCSENT,University of Michigan,Surveys of Consumers,https://www.umich.edu/,http://www.sca.isr.umich.edu/,,University of Michigan: Consumer Sentiment (UMCSENT),$\Delta x_t$,2,Monthly
UNEMPLOY,U.S. Bureau of Labor Statistics,Employment Situation,https://www.bls.gov/,http://www.bls.gov/ces/,, Unemployment Level (UNEMPLOY),,,Monthly
UNRATE,U.S. Bureau of Labor Statistics,Employment Situation,https://www.bls.gov/,http://www.bls.gov/ces/,8:30:00 AM ET,Unemployment Rate (UNRATE),$\Delta x_t$,2,Monthly
USCONS,U.S. Bureau of Labor Statistics,Employment Situation,https://www.bls.gov/,http://www.bls.gov/ces/,,"All Employees, Construction (USCONS)",$\Delta \log(x_t)$,5,Monthly
USFIRE,U.S. Bureau of Labor Statistics,Employment Situation,https://www.bls.gov/,http://www.bls.gov/ces/,,"All Employees, Financial Activities (USFIRE)",$\Delta \log(x_t)$,5,Monthly
USGOOD,U.S. Bureau of Labor Statistics,Employment Situation,https://www.bls.gov/,http://www.bls.gov/ces/,,"All Employees, Goods-Producing (USGOOD)",$\Delta \log(x_t)$,5,Monthly
USGOVT,U.S. Bureau of Labor Statistics,Employment Situation,https://www.bls.gov/,http://www.bls.gov/ces/,,"All Employees, Government (USGOVT)",$\Delta \log(x_t)$,5,Monthly
USTPU,U.S. Bureau of Labor Statistics,Employment Situation,https://www.bls.gov/,http://www.bls.gov/ces/,,"All Employees, Trade, Transportation, and Utilities (USTPU)",$\Delta \log(x_t)$,5,Monthly
USTRADE,U.S. Bureau of Labor Statistics,Employment Situation,https://www.bls.gov/,http://www.bls.gov/ces/,,"All Employees, Retail Trade (USTRADE)",$\Delta \log(x_t)$,5,Monthly
USWTRADE,U.S. Bureau of Labor Statistics,Employment Situation,https://www.bls.gov/,http://www.bls.gov/ces/,,"All Employees, Wholesale Trade (USWTRADE)",$\Delta \log(x_t)$,5,Monthly
W875RX1,U.S. Bureau of Economic Analysis,Personal Income and Outlays,http://www.bea.gov/,https://www.bea.gov/data/income-saving/personal-income,,Real personal income excluding current transfer receipts (W875RX1),$\Delta \log(x_t)$,5,Monthly
WPSFD49207,U.S. Bureau of Labor Statistics,Producer Price Index,https://www.bls.gov/,http://www.bls.gov/ppi/,,Producer Price Index by Commodity: Final Demand: Finished Goods (WPSFD49207),$\Delta^2 \log(x_t)$,6,Monthly
WPSFD49502,U.S. Bureau of Labor Statistics,Producer Price Index,https://www.bls.gov/,http://www.bls.gov/ppi/,,Producer Price Index by Commodity: Final Demand: Personal Consumption Goods (Finished Consumer Goods) (WPSFD49502),$\Delta^2 \log(x_t)$,6,Monthly
WPSID61,U.S. Bureau of Labor Statistics,Producer Price Index,https://www.bls.gov/,http://www.bls.gov/ppi/,,Producer Price Index by Commodity: Intermediate Demand by Commodity Type: Processed Goods for Intermediate Demand (WPSID61),$\Delta^2 \log(x_t)$,6,Monthly
WPSID62,U.S. Bureau of Labor Statistics,Producer Price Index,https://www.bls.gov/,http://www.bls.gov/ppi/,,Producer Price Index by Commodity: Intermediate Demand by Commodity Type: Unprocessed Goods for Intermediate Demand (WPSID62),$\Delta^2 \log(x_t)$,6,Monthly
ICNSA,U.S. Employment and Training Administration,Unemployment Insurance Weekly Claims Report,https://www.dol.gov/agencies/eta,https://www.dol.gov/ui/data.pdf,,Initial Claims (ICNSA),,,Monthly
VIXCLS,Chicago Board Options Exchange,CBOE Market Statistics,http://www.cboe.com/,http://www.cboe.com/data/mktstat.aspx,,CBOE Volatility Index: VIX,,,Monthly
